,member_type,duration,mean_duration_in_mins
0,casual,1920.0568306507896,32.00094717751316
1,member,817.9704522875953,13.632840871459923
