member_type,duration
casual,1920.0568306507896
member,817.9704522875953
